{"graph": {"_type": "graph-file", "path": "media/graph/graph_summary_857f06ac.graph.json", "sha256": "857f06ac6e770db1e5bced9fba35df561ec9d76de52f520f9fe665c52f158dc1", "size": 847}, "_step": 14, "accuracy": 0.4761904776096344, "epoch": 14, "val_accuracy": 0.5333333611488342, "val_loss": 0.9453239440917969, "_runtime": 272.2640664577484, "_timestamp": 1582123924.4311018, "loss": 1.5312524398167928, "best_val_loss": 0.9453239440917969, "best_epoch": 14}
