{"graph": {"_type": "graph-file", "path": "media/graph/graph_summary_857f06ac.graph.json", "sha256": "857f06ac6e770db1e5bced9fba35df561ec9d76de52f520f9fe665c52f158dc1", "size": 847}, "_step": 14, "accuracy": 0.43809524178504944, "epoch": 14, "val_accuracy": 0.5555555820465088, "val_loss": 0.9899002909660339, "_runtime": 308.9962089061737, "_timestamp": 1582123961.1632442, "loss": 1.6629826273236956, "best_val_loss": 0.9899002909660339, "best_epoch": 14}
