{"graph": {"_type": "graph-file", "path": "media/graph/graph_summary_857f06ac.graph.json", "sha256": "857f06ac6e770db1e5bced9fba35df561ec9d76de52f520f9fe665c52f158dc1", "size": 847}, "_step": 4, "accuracy": 0.3333333432674408, "epoch": 4, "val_accuracy": 0.2888889014720917, "val_loss": 1.3070915937423706, "_runtime": 239.7486960887909, "_timestamp": 1582123891.9157314, "loss": 2.8465813432421, "best_val_loss": 1.3070915937423706, "best_epoch": 4}
