{"graph": {"_type": "graph-file", "path": "media/graph/graph_summary_857f06ac.graph.json", "sha256": "857f06ac6e770db1e5bced9fba35df561ec9d76de52f520f9fe665c52f158dc1", "size": 847}, "_step": 14, "accuracy": 0.4952380955219269, "epoch": 14, "val_accuracy": 0.5555555820465088, "val_loss": 0.9104141592979431, "_runtime": 3042.883946657181, "_timestamp": 1582126695.050982, "loss": 1.3341546399252755, "best_val_loss": 0.9104141592979431, "best_epoch": 14}
