{"graph": {"_type": "graph-file", "path": "media/graph/graph_summary_857f06ac.graph.json", "sha256": "857f06ac6e770db1e5bced9fba35df561ec9d76de52f520f9fe665c52f158dc1", "size": 847}, "_step": 4, "accuracy": 0.2857142984867096, "epoch": 4, "val_accuracy": 0.2888889014720917, "val_loss": 1.309422254562378, "_runtime": 2635.8177831172943, "_timestamp": 1582126287.9848185, "loss": 2.999910897300357, "best_val_loss": 1.309422254562378, "best_epoch": 4}
